id,text,authentic
59001001,"James, a servant of God and of the Lord Jesus Christ, to the twelve tribes which are scattered abroad, greeting.",FALSE
59001002,"My brethren, count it all joy when ye fall into divers temptations;",FALSE
59001003,"Knowing this, that the trying of your faith worketh patience.",FALSE
59001004,"But let patience have her perfect work, that ye may be perfect and entire, wanting nothing.",FALSE
59001005,"If any of you lack wisdom, let him ask of God, that giveth to all men liberally, and upbraideth not; and it shall be given him.",FALSE
59001006,"But let him ask in faith, nothing wavering. For he that wavereth is like a wave of the sea driven with the wind and tossed.",FALSE
59001007,For let not that man think that he shall receive any thing of the Lord.,FALSE
59001008,A double minded man is unstable in all his ways.,FALSE
59001009,Let the brother of low degree rejoice in that he is exalted:,FALSE
59001010,"But the rich, in that he is made low: because as the flower of the grass he shall pass away.",FALSE
59001011,"For the sun is no sooner risen with a burning heat, but it withereth the grass, and the flower thereof falleth, and the grace of the fashion of it perisheth: so also shall the rich man fade away in his ways.",FALSE
59001012,"Blessed is the man that endureth temptation: for when he is tried, he shall receive the crown of life, which the Lord hath promised to them that love him.",FALSE
59001013,"Let no man say when he is tempted, I am tempted of God: for God cannot be tempted with evil, neither tempteth he any man:",FALSE
59001014,"But every man is tempted, when he is drawn away of his own lust, and enticed.",FALSE
59001015,"Then when lust hath conceived, it bringeth forth sin: and sin, when it is finished, bringeth forth death.",FALSE
59001016,"Do not err, my beloved brethren.",FALSE
59001017,"Every good gift and every perfect gift is from above, and cometh down from the Father of lights, with whom is no variableness, neither shadow of turning.",FALSE
59001018,"Of his own will begat he us with the word of truth, that we should be a kind of firstfruits of his creatures.",FALSE
59001019,"Wherefore, my beloved brethren, let every man be swift to hear, slow to speak, slow to wrath:",FALSE
59001020,For the wrath of man worketh not the righteousness of God.,FALSE
59001021,"Wherefore lay apart all filthiness and superfluity of naughtiness, and receive with meekness the engrafted word, which is able to save your souls.",FALSE
59001022,"But be ye doers of the word, and not hearers only, deceiving your own selves.",FALSE
59001023,"For if any be a hearer of the word, and not a doer, he is like unto a man beholding his natural face in a glass:",FALSE
59001024,"For he beholdeth himself, and goeth his way, and straightway forgetteth what manner of man he was.",FALSE
59001025,"But whoso looketh into the perfect law of liberty, and continueth therein, he being not a forgetful hearer, but a doer of the work, this man shall be blessed in his deed.",FALSE
59001026,"If any man among you seem to be religious, and bridleth not his tongue, but deceiveth his own heart, this man's religion is vain.",FALSE
59001027,"Pure religion and undefiled before God and the Father is this, To visit the fatherless and widows in their affliction, and to keep himself unspotted from the world.",FALSE
59002001,"My brethren, have not the faith of our Lord Jesus Christ, the Lord of glory, with respect of persons.",FALSE
59002002,"For if there come unto your assembly a man with a gold ring, in goodly apparel, and there come in also a poor man in vile raiment;",FALSE
59002003,"And ye have respect to him that weareth the gay clothing, and say unto him, Sit thou here in a good place; and say to the poor, Stand thou there, or sit here under my footstool:",FALSE
59002004,"Are ye not then partial in yourselves, and are become judges of evil thoughts?",FALSE
59002005,"Hearken, my beloved brethren, Hath not God chosen the poor of this world rich in faith, and heirs of the kingdom which he hath promised to them that love him?",FALSE
59002006,"But ye have despised the poor. Do not rich men oppress you, and draw you before the judgment seats?",FALSE
59002007,Do not they blaspheme that worthy name by the which ye are called?,FALSE
59002008,"If ye fulfil the royal law according to the scripture, Thou shalt love thy neighbour as thyself, ye do well:",FALSE
59002009,"But if ye have respect to persons, ye commit sin, and are convinced of the law as transgressors.",FALSE
59002010,"For whosoever shall keep the whole law, and yet offend in one point, he is guilty of all.",FALSE
59002011,"For he that said, Do not commit adultery, said also, Do not kill. Now if thou commit no adultery, yet if thou kill, thou art become a transgressor of the law.",FALSE
59002012,"So speak ye, and so do, as they that shall be judged by the law of liberty.",FALSE
59002013,"For he shall have judgment without mercy, that hath shewed no mercy; and mercy rejoiceth against judgment.",FALSE
59002014,"What doth it profit, my brethren, though a man say he hath faith, and have not works? can faith save him?",FALSE
59002015,"If a brother or sister be naked, and destitute of daily food,",FALSE
59002016,"And one of you say unto them, Depart in peace, be ye warmed and filled; notwithstanding ye give them not those things which are needful to the body; what doth it profit?",FALSE
59002017,"Even so faith, if it hath not works, is dead, being alone.",FALSE
59002018,"Yea, a man may say, Thou hast faith, and I have works: shew me thy faith without thy works, and I will shew thee my faith by my works.",FALSE
59002019,"Thou believest that there is one God; thou doest well: the devils also believe, and tremble.",FALSE
59002020,"But wilt thou know, O vain man, that faith without works is dead?",FALSE
59002021,"Was not Abraham our father justified by works, when he had offered Isaac his son upon the altar?",FALSE
59002022,"Seest thou how faith wrought with his works, and by works was faith made perfect?",FALSE
59002023,"And the scripture was fulfilled which saith, Abraham believed God, and it was imputed unto him for righteousness: and he was called the Friend of God.",FALSE
59002024,"Ye see then how that by works a man is justified, and not by faith only.",FALSE
59002025,"Likewise also was not Rahab the harlot justified by works, when she had received the messengers, and had sent them out another way?",FALSE
59002026,"For as the body without the spirit is dead, so faith without works is dead also.",FALSE
59003001,"My brethren, be not many masters, knowing that we shall receive the greater condemnation.",FALSE
59003002,"For in many things we offend all. If any man offend not in word, the same is a perfect man, and able also to bridle the whole body.",FALSE
59003003,"Behold, we put bits in the horses' mouths, that they may obey us; and we turn about their whole body.",FALSE
59003004,"Behold also the ships, which though they be so great, and are driven of fierce winds, yet are they turned about with a very small helm, whithersoever the governor listeth.",FALSE
59003005,"Even so the tongue is a little member, and boasteth great things. Behold, how great a matter a little fire kindleth!",FALSE
59003006,"And the tongue is a fire, a world of iniquity: so is the tongue among our members, that it defileth the whole body, and setteth on fire the course of nature; and it is set on fire of hell.",FALSE
59003007,"For every kind of beasts, and of birds, and of serpents, and of things in the sea, is tamed, and hath been tamed of mankind:",FALSE
59003008,"But the tongue can no man tame; it is an unruly evil, full of deadly poison.",FALSE
59003009,"Therewith bless we God, even the Father; and therewith curse we men, which are made after the similitude of God.",FALSE
59003010,"Out of the same mouth proceedeth blessing and cursing. My brethren, these things ought not so to be.",FALSE
59003011,Doth a fountain send forth at the same place sweet water and bitter?,FALSE
59003012,"Can the fig tree, my brethren, bear olive berries? either a vine, figs? so can no fountain both yield salt water and fresh.",FALSE
59003013,Who is a wise man and endued with knowledge among you? let him shew out of a good conversation his works with meekness of wisdom.,FALSE
59003014,"But if ye have bitter envying and strife in your hearts, glory not, and lie not against the truth.",FALSE
59003015,"This wisdom descendeth not from above, but is earthly, sensual, devilish.",FALSE
59003016,"For where envying and strife is, there is confusion and every evil work.",FALSE
59003017,"But the wisdom that is from above is first pure, then peaceable, gentle, and easy to be intreated, full of mercy and good fruits, without partiality, and without hypocrisy.",FALSE
59003018,And the fruit of righteousness is sown in peace of them that make peace.,FALSE
59004001,"From whence come wars and fightings among you? come they not hence, even of your lusts that war in your members?",FALSE
59004002,"Ye lust, and have not: ye kill, and desire to have, and cannot obtain: ye fight and war, yet ye have not, because ye ask not.",FALSE
59004003,"Ye ask, and receive not, because ye ask amiss, that ye may consume it upon your lusts.",FALSE
59004004,"Ye adulterers and adulteresses, know ye not that the friendship of the world is enmity with God? whosoever therefore will be a friend of the world is the enemy of God.",FALSE
59004005,"Do ye think that the scripture saith in vain, The spirit that dwelleth in us lusteth to envy?",FALSE
59004006,"But he giveth more grace. Wherefore he saith, God resisteth the proud, but giveth grace unto the humble.",FALSE
59004007,"Submit yourselves therefore to God. Resist the devil, and he will flee from you.",FALSE
59004008,"Draw nigh to God, and he will draw nigh to you. Cleanse your hands, ye sinners; and purify your hearts, ye double minded.",FALSE
59004009,"Be afflicted, and mourn, and weep: let your laughter be turned to mourning, and your joy to heaviness.",FALSE
59004010,"Humble yourselves in the sight of the Lord, and he shall lift you up.",FALSE
59004011,"Speak not evil one of another, brethren. He that speaketh evil of his brother, and judgeth his brother, speaketh evil of the law, and judgeth the law: but if thou judge the law, thou art not a doer of the law, but a judge.",FALSE
59004012,"There is one lawgiver, who is able to save and to destroy: who art thou that judgest another?",FALSE
59004013,"Go to now, ye that say, To day or to morrow we will go into such a city, and continue there a year, and buy and sell, and get gain:",FALSE
59004014,"Whereas ye know not what shall be on the morrow. For what is your life? It is even a vapour, that appeareth for a little time, and then vanisheth away.",FALSE
59004015,"For that ye ought to say, If the Lord will, we shall live, and do this, or that.",FALSE
59004016,But now ye rejoice in your boastings: all such rejoicing is evil.,FALSE
59004017,"Therefore to him that knoweth to do good, and doeth it not, to him it is sin.",FALSE
59005001,"Go to now, ye rich men, weep and howl for your miseries that shall come upon you.",FALSE
59005002,"Your riches are corrupted, and your garments are motheaten.",FALSE
59005003,"Your gold and silver is cankered; and the rust of them shall be a witness against you, and shall eat your flesh as it were fire. Ye have heaped treasure together for the last days.",FALSE
59005004,"Behold, the hire of the labourers who have reaped down your fields, which is of you kept back by fraud, crieth: and the cries of them which have reaped are entered into the ears of the Lord of sabaoth.",FALSE
59005005,"Ye have lived in pleasure on the earth, and been wanton; ye have nourished your hearts, as in a day of slaughter.",FALSE
59005006,Ye have condemned and killed the just; and he doth not resist you.,FALSE
59005007,"Be patient therefore, brethren, unto the coming of the Lord. Behold, the husbandman waiteth for the precious fruit of the earth, and hath long patience for it, until he receive the early and latter rain.",FALSE
59005008,Be ye also patient; stablish your hearts: for the coming of the Lord draweth nigh.,FALSE
59005009,"Grudge not one against another, brethren, lest ye be condemned: behold, the judge standeth before the door.",FALSE
59005010,"Take, my brethren, the prophets, who have spoken in the name of the Lord, for an example of suffering affliction, and of patience.",FALSE
59005011,"Behold, we count them happy which endure. Ye have heard of the patience of Job, and have seen the end of the Lord; that the Lord is very pitiful, and of tender mercy.",FALSE
59005012,"But above all things, my brethren, swear not, neither by heaven, neither by the earth, neither by any other oath: but let your yea be yea; and your nay, nay; lest ye fall into condemnation.",FALSE
59005013,Is any among you afflicted? let him pray. Is any merry? let him sing psalms.,FALSE
59005014,"Is any sick among you? let him call for the elders of the church; and let them pray over him, anointing him with oil in the name of the Lord:",FALSE
59005015,"And the prayer of faith shall save the sick, and the Lord shall raise him up; and if he have committed sins, they shall be forgiven him.",FALSE
59005016,"Confess your faults one to another, and pray one for another, that ye may be healed. The effectual fervent prayer of a righteous man availeth much.",FALSE
59005017,"Elias was a man subject to like passions as we are, and he prayed earnestly that it might not rain: and it rained not on the earth by the space of three years and six months.",FALSE
59005018,"And he prayed again, and the heaven gave rain, and the earth brought forth her fruit.",FALSE
59005019,"Brethren, if any of you do err from the truth, and one convert him;",FALSE
59005020,"Let him know, that he which converteth the sinner from the error of his way shall save a soul from death, and shall hide a multitude of sins.",FALSE
60001001,"Peter, an apostle of Jesus Christ, to the strangers scattered throughout Pontus, Galatia, Cappadocia, Asia, and Bithynia,",FALSE
60001002,"Elect according to the foreknowledge of God the Father, through sanctification of the Spirit, unto obedience and sprinkling of the blood of Jesus Christ: Grace unto you, and peace, be multiplied.",FALSE
60001003,"Blessed be the God and Father of our Lord Jesus Christ, which according to his abundant mercy hath begotten us again unto a lively hope by the resurrection of Jesus Christ from the dead,",FALSE
60001004,"To an inheritance incorruptible, and undefiled, and that fadeth not away, reserved in heaven for you,",FALSE
60001005,Who are kept by the power of God through faith unto salvation ready to be revealed in the last time.,FALSE
60001006,"Wherein ye greatly rejoice, though now for a season, if need be, ye are in heaviness through manifold temptations:",FALSE
60001007,"That the trial of your faith, being much more precious than of gold that perisheth, though it be tried with fire, might be found unto praise and honour and glory at the appearing of Jesus Christ:",FALSE
60001008,"Whom having not seen, ye love; in whom, though now ye see him not, yet believing, ye rejoice with joy unspeakable and full of glory:",FALSE
60001009,"Receiving the end of your faith, even the salvation of your souls.",FALSE
60001010,"Of which salvation the prophets have enquired and searched diligently, who prophesied of the grace that should come unto you:",FALSE
60001011,"Searching what, or what manner of time the Spirit of Christ which was in them did signify, when it testified beforehand the sufferings of Christ, and the glory that should follow.",FALSE
60001012,"Unto whom it was revealed, that not unto themselves, but unto us they did minister the things, which are now reported unto you by them that have preached the gospel unto you with the Holy Ghost sent down from heaven; which things the angels desire to look into.",FALSE
60001013,"Wherefore gird up the loins of your mind, be sober, and hope to the end for the grace that is to be brought unto you at the revelation of Jesus Christ;",FALSE
60001014,"As obedient children, not fashioning yourselves according to the former lusts in your ignorance:",FALSE
60001015,"But as he which hath called you is holy, so be ye holy in all manner of conversation;",FALSE
60001016,"Because it is written, Be ye holy; for I am holy.",FALSE
60001017,"And if ye call on the Father, who without respect of persons judgeth according to every man's work, pass the time of your sojourning here in fear:",FALSE
60001018,"Forasmuch as ye know that ye were not redeemed with corruptible things, as silver and gold, from your vain conversation received by tradition from your fathers;",FALSE
60001019,"But with the precious blood of Christ, as of a lamb without blemish and without spot:",FALSE
60001020,"Who verily was foreordained before the foundation of the world, but was manifest in these last times for you,",FALSE
60001021,"Who by him do believe in God, that raised him up from the dead, and gave him glory; that your faith and hope might be in God.",FALSE
60001022,"Seeing ye have purified your souls in obeying the truth through the Spirit unto unfeigned love of the brethren, see that ye love one another with a pure heart fervently:",FALSE
60001023,"Being born again, not of corruptible seed, but of incorruptible, by the word of God, which liveth and abideth for ever.",FALSE
60001024,"For all flesh is as grass, and all the glory of man as the flower of grass. The grass withereth, and the flower thereof falleth away:",FALSE
60001025,But the word of the Lord endureth for ever. And this is the word which by the gospel is preached unto you.,FALSE
60002001,"Wherefore laying aside all malice, and all guile, and hypocrisies, and envies, all evil speakings,",FALSE
60002002,"As newborn babes, desire the sincere milk of the word, that ye may grow thereby:",FALSE
60002003,If so be ye have tasted that the Lord is gracious.,FALSE
60002004,"To whom coming, as unto a living stone, disallowed indeed of men, but chosen of God, and precious,",FALSE
60002005,"Ye also, as lively stones, are built up a spiritual house, an holy priesthood, to offer up spiritual sacrifices, acceptable to God by Jesus Christ.",FALSE
60002006,"Wherefore also it is contained in the scripture, Behold, I lay in Sion a chief corner stone, elect, precious: and he that believeth on him shall not be confounded.",FALSE
60002007,"Unto you therefore which believe he is precious: but unto them which be disobedient, the stone which the builders disallowed, the same is made the head of the corner,",FALSE
60002008,"And a stone of stumbling, and a rock of offence, even to them which stumble at the word, being disobedient: whereunto also they were appointed.",FALSE
60002009,"But ye are a chosen generation, a royal priesthood, an holy nation, a peculiar people; that ye should shew forth the praises of him who hath called you out of darkness into his marvellous light;",FALSE
60002010,"Which in time past were not a people, but are now the people of God: which had not obtained mercy, but now have obtained mercy.",FALSE
60002011,"Dearly beloved, I beseech you as strangers and pilgrims, abstain from fleshly lusts, which war against the soul;",FALSE
60002012,"Having your conversation honest among the Gentiles: that, whereas they speak against you as evildoers, they may by your good works, which they shall behold, glorify God in the day of visitation.",FALSE
60002013,"Submit yourselves to every ordinance of man for the Lord's sake: whether it be to the king, as supreme;",FALSE
60002014,"Or unto governors, as unto them that are sent by him for the punishment of evildoers, and for the praise of them that do well.",FALSE
60002015,"For so is the will of God, that with well doing ye may put to silence the ignorance of foolish men:",FALSE
60002016,"As free, and not using your liberty for a cloke of maliciousness, but as the servants of God.",FALSE
60002017,Honour all men. Love the brotherhood. Fear God. Honour the king.,FALSE
60002018,"Servants, be subject to your masters with all fear; not only to the good and gentle, but also to the froward.",FALSE
60002019,"For this is thankworthy, if a man for conscience toward God endure grief, suffering wrongfully.",FALSE
60002020,"For what glory is it, if, when ye be buffeted for your faults, ye shall take it patiently? but if, when ye do well, and suffer for it, ye take it patiently, this is acceptable with God.",FALSE
60002021,"For even hereunto were ye called: because Christ also suffered for us, leaving us an example, that ye should follow his steps:",FALSE
60002022,"Who did no sin, neither was guile found in his mouth:",FALSE
60002023,"Who, when he was reviled, reviled not again; when he suffered, he threatened not; but committed himself to him that judgeth righteously:",FALSE
60002024,"Who his own self bare our sins in his own body on the tree, that we, being dead to sins, should live unto righteousness: by whose stripes ye were healed.",FALSE
60002025,For ye were as sheep going astray; but are now returned unto the Shepherd and Bishop of your souls.,FALSE
60003001,"Likewise, ye wives, be in subjection to your own husbands; that, if any obey not the word, they also may without the word be won by the conversation of the wives;",FALSE
60003002,While they behold your chaste conversation coupled with fear.,FALSE
60003003,"Whose adorning let it not be that outward adorning of plaiting the hair, and of wearing of gold, or of putting on of apparel;",FALSE
60003004,"But let it be the hidden man of the heart, in that which is not corruptible, even the ornament of a meek and quiet spirit, which is in the sight of God of great price.",FALSE
60003005,"For after this manner in the old time the holy women also, who trusted in God, adorned themselves, being in subjection unto their own husbands:",FALSE
60003006,"Even as Sara obeyed Abraham, calling him lord: whose daughters ye are, as long as ye do well, and are not afraid with any amazement.",FALSE
60003007,"Likewise, ye husbands, dwell with them according to knowledge, giving honour unto the wife, as unto the weaker vessel, and as being heirs together of the grace of life; that your prayers be not hindered.",FALSE
60003008,"Finally, be ye all of one mind, having compassion one of another, love as brethren, be pitiful, be courteous:",FALSE
60003009,"Not rendering evil for evil, or railing for railing: but contrariwise blessing; knowing that ye are thereunto called, that ye should inherit a blessing.",FALSE
60003010,"For he that will love life, and see good days, let him refrain his tongue from evil, and his lips that they speak no guile:",FALSE
60003011,"Let him eschew evil, and do good; let him seek peace, and ensue it.",FALSE
60003012,"For the eyes of the Lord are over the righteous, and his ears are open unto their prayers: but the face of the Lord is against them that do evil.",FALSE
60003013,"And who is he that will harm you, if ye be followers of that which is good?",FALSE
60003014,"But and if ye suffer for righteousness' sake, happy are ye: and be not afraid of their terror, neither be troubled;",FALSE
60003015,But sanctify the Lord God in your hearts: and be ready always to give an answer to every man that asketh you a reason of the hope that is in you with meekness and fear:,FALSE
60003016,"Having a good conscience; that, whereas they speak evil of you, as of evildoers, they may be ashamed that falsely accuse your good conversation in Christ.",FALSE
60003017,"For it is better, if the will of God be so, that ye suffer for well doing, than for evil doing.",FALSE
60003018,"For Christ also hath once suffered for sins, the just for the unjust, that he might bring us to God, being put to death in the flesh, but quickened by the Spirit:",FALSE
60003019,By which also he went and preached unto the spirits in prison;,FALSE
60003020,"Which sometime were disobedient, when once the longsuffering of God waited in the days of Noah, while the ark was a preparing, wherein few, that is, eight souls were saved by water.",FALSE
60003021,"The like figure whereunto even baptism doth also now save us (not the putting away of the filth of the flesh, but the answer of a good conscience toward God,) by the resurrection of Jesus Christ:",FALSE
60003022,"Who is gone into heaven, and is on the right hand of God; angels and authorities and powers being made subject unto him.",FALSE
60004001,"Forasmuch then as Christ hath suffered for us in the flesh, arm yourselves likewise with the same mind: for he that hath suffered in the flesh hath ceased from sin;",FALSE
60004002,"That he no longer should live the rest of his time in the flesh to the lusts of men, but to the will of God.",FALSE
60004003,"For the time past of our life may suffice us to have wrought the will of the Gentiles, when we walked in lasciviousness, lusts, excess of wine, revellings, banquetings, and abominable idolatries:",FALSE
60004004,"Wherein they think it strange that ye run not with them to the same excess of riot, speaking evil of you:",FALSE
60004005,Who shall give account to him that is ready to judge the quick and the dead.,FALSE
60004006,"For for this cause was the gospel preached also to them that are dead, that they might be judged according to men in the flesh, but live according to God in the spirit.",FALSE
60004007,"But the end of all things is at hand: be ye therefore sober, and watch unto prayer.",FALSE
60004008,And above all things have fervent charity among yourselves: for charity shall cover the multitude of sins.,FALSE
60004009,Use hospitality one to another without grudging.,FALSE
60004010,"As every man hath received the gift, even so minister the same one to another, as good stewards of the manifold grace of God.",FALSE
60004011,"If any man speak, let him speak as the oracles of God; if any man minister, let him do it as of the ability which God giveth: that God in all things may be glorified through Jesus Christ, to whom be praise and dominion for ever and ever. Amen.",FALSE
60004012,"Beloved, think it not strange concerning the fiery trial which is to try you, as though some strange thing happened unto you:",FALSE
60004013,"But rejoice, inasmuch as ye are partakers of Christ's sufferings; that, when his glory shall be revealed, ye may be glad also with exceeding joy.",FALSE
60004014,"If ye be reproached for the name of Christ, happy are ye; for the spirit of glory and of God resteth upon you: on their part he is evil spoken of, but on your part he is glorified.",FALSE
60004015,"But let none of you suffer as a murderer, or as a thief, or as an evildoer, or as a busybody in other men's matters.",FALSE
60004016,"Yet if any man suffer as a Christian, let him not be ashamed; but let him glorify God on this behalf.",FALSE
60004017,"For the time is come that judgment must begin at the house of God: and if it first begin at us, what shall the end be of them that obey not the gospel of God?",FALSE
60004018,"And if the righteous scarcely be saved, where shall the ungodly and the sinner appear?",FALSE
60004019,"Wherefore let them that suffer according to the will of God commit the keeping of their souls to him in well doing, as unto a faithful Creator.",FALSE
60005001,"The elders which are among you I exhort, who am also an elder, and a witness of the sufferings of Christ, and also a partaker of the glory that shall be revealed:",FALSE
60005002,"Feed the flock of God which is among you, taking the oversight thereof, not by constraint, but willingly; not for filthy lucre, but of a ready mind;",FALSE
60005003,"Neither as being lords over God's heritage, but being ensamples to the flock.",FALSE
60005004,"And when the chief Shepherd shall appear, ye shall receive a crown of glory that fadeth not away.",FALSE
60005005,"Likewise, ye younger, submit yourselves unto the elder. Yea, all of you be subject one to another, and be clothed with humility: for God resisteth the proud, and giveth grace to the humble.",FALSE
60005006,"Humble yourselves therefore under the mighty hand of God, that he may exalt you in due time:",FALSE
60005007,Casting all your care upon him; for he careth for you.,FALSE
60005008,"Be sober, be vigilant; because your adversary the devil, as a roaring lion, walketh about, seeking whom he may devour:",FALSE
60005009,"Whom resist stedfast in the faith, knowing that the same afflictions are accomplished in your brethren that are in the world.",FALSE
60005010,"But the God of all grace, who hath called us unto his eternal glory by Christ Jesus, after that ye have suffered a while, make you perfect, stablish, strengthen, settle you.",FALSE
60005011,To him be glory and dominion for ever and ever. Amen.,FALSE
60005012,"By Silvanus, a faithful brother unto you, as I suppose, I have written briefly, exhorting, and testifying that this is the true grace of God wherein ye stand.",FALSE
60005013,"The church that is at Babylon, elected together with you, saluteth you; and so doth Marcus my son.",FALSE
60005014,Greet ye one another with a kiss of charity. Peace be with you all that are in Christ Jesus. Amen.,FALSE
61001001,"Simon Peter, a servant and an apostle of Jesus Christ, to them that have obtained like precious faith with us through the righteousness of God and our Saviour Jesus Christ:",FALSE
61001002,"Grace and peace be multiplied unto you through the knowledge of God, and of Jesus our Lord,",FALSE
61001003,"According as his divine power hath given unto us all things that pertain unto life and godliness, through the knowledge of him that hath called us to glory and virtue:",FALSE
61001004,"Whereby are given unto us exceeding great and precious promises: that by these ye might be partakers of the divine nature, having escaped the corruption that is in the world through lust.",FALSE
61001005,"And beside this, giving all diligence, add to your faith virtue; and to virtue knowledge;",FALSE
61001006,And to knowledge temperance; and to temperance patience; and to patience godliness;,FALSE
61001007,And to godliness brotherly kindness; and to brotherly kindness charity.,FALSE
61001008,"For if these things be in you, and abound, they make you that ye shall neither be barren nor unfruitful in the knowledge of our Lord Jesus Christ.",FALSE
61001009,"But he that lacketh these things is blind, and cannot see afar off, and hath forgotten that he was purged from his old sins.",FALSE
61001010,"Wherefore the rather, brethren, give diligence to make your calling and election sure: for if ye do these things, ye shall never fall:",FALSE
61001011,For so an entrance shall be ministered unto you abundantly into the everlasting kingdom of our Lord and Saviour Jesus Christ.,FALSE
61001012,"Wherefore I will not be negligent to put you always in remembrance of these things, though ye know them, and be established in the present truth.",FALSE
61001013,"Yea, I think it meet, as long as I am in this tabernacle, to stir you up by putting you in remembrance;",FALSE
61001014,"Knowing that shortly I must put off this my tabernacle, even as our Lord Jesus Christ hath shewed me.",FALSE
61001015,Moreover I will endeavour that ye may be able after my decease to have these things always in remembrance.,FALSE
61001016,"For we have not followed cunningly devised fables, when we made known unto you the power and coming of our Lord Jesus Christ, but were eyewitnesses of his majesty.",FALSE
61001017,"For he received from God the Father honour and glory, when there came such a voice to him from the excellent glory, This is my beloved Son, in whom I am well pleased.",FALSE
61001018,"And this voice which came from heaven we heard, when we were with him in the holy mount.",FALSE
61001019,"We have also a more sure word of prophecy; whereunto ye do well that ye take heed, as unto a light that shineth in a dark place, until the day dawn, and the day star arise in your hearts:",FALSE
61001020,"Knowing this first, that no prophecy of the scripture is of any private interpretation.",FALSE
61001021,For the prophecy came not in old time by the will of man: but holy men of God spake as they were moved by the Holy Ghost.,FALSE
61002001,"But there were false prophets also among the people, even as there shall be false teachers among you, who privily shall bring in damnable heresies, even denying the Lord that bought them, and bring upon themselves swift destruction.",FALSE
61002002,And many shall follow their pernicious ways; by reason of whom the way of truth shall be evil spoken of.,FALSE
61002003,"And through covetousness shall they with feigned words make merchandise of you: whose judgment now of a long time lingereth not, and their damnation slumbereth not.",FALSE
61002004,"For if God spared not the angels that sinned, but cast them down to hell, and delivered them into chains of darkness, to be reserved unto judgment;",FALSE
61002005,"And spared not the old world, but saved Noah the eighth person, a preacher of righteousness, bringing in the flood upon the world of the ungodly;",FALSE
61002006,"And turning the cities of Sodom and Gomorrha into ashes condemned them with an overthrow, making them an ensample unto those that after should live ungodly;",FALSE
61002007,"And delivered just Lot, vexed with the filthy conversation of the wicked:",FALSE
61002008,"(For that righteous man dwelling among them, in seeing and hearing, vexed his righteous soul from day to day with their unlawful deeds;)",FALSE
61002009,"The Lord knoweth how to deliver the godly out of temptations, and to reserve the unjust unto the day of judgment to be punished:",FALSE
61002010,"But chiefly them that walk after the flesh in the lust of uncleanness, and despise government. Presumptuous are they, selfwilled, they are not afraid to speak evil of dignities.",FALSE
61002011,"Whereas angels, which are greater in power and might, bring not railing accusation against them before the Lord.",FALSE
61002012,"But these, as natural brute beasts, made to be taken and destroyed, speak evil of the things that they understand not; and shall utterly perish in their own corruption;",FALSE
61002013,"And shall receive the reward of unrighteousness, as they that count it pleasure to riot in the day time. Spots they are and blemishes, sporting themselves with their own deceivings while they feast with you;",FALSE
61002014,"Having eyes full of adultery, and that cannot cease from sin; beguiling unstable souls: an heart they have exercised with covetous practices; cursed children:",FALSE
61002015,"Which have forsaken the right way, and are gone astray, following the way of Balaam the son of Bosor, who loved the wages of unrighteousness;",FALSE
61002016,But was rebuked for his iniquity: the dumb ass speaking with man's voice forbad the madness of the prophet.,FALSE
61002017,"These are wells without water, clouds that are carried with a tempest; to whom the mist of darkness is reserved for ever.",FALSE
61002018,"For when they speak great swelling words of vanity, they allure through the lusts of the flesh, through much wantonness, those that were clean escaped from them who live in error.",FALSE
61002019,"While they promise them liberty, they themselves are the servants of corruption: for of whom a man is overcome, of the same is he brought in bondage.",FALSE
61002020,"For if after they have escaped the pollutions of the world through the knowledge of the Lord and Saviour Jesus Christ, they are again entangled therein, and overcome, the latter end is worse with them than the beginning.",FALSE
61002021,"For it had been better for them not to have known the way of righteousness, than, after they have known it, to turn from the holy commandment delivered unto them.",FALSE
61002022,"But it is happened unto them according to the true proverb, The dog is turned to his own vomit again; and the sow that was washed to her wallowing in the mire.",FALSE
61003001,"This second epistle, beloved, I now write unto you; in both which I stir up your pure minds by way of remembrance:",FALSE
61003002,"That ye may be mindful of the words which were spoken before by the holy prophets, and of the commandment of us the apostles of the Lord and Saviour:",FALSE
61003003,"Knowing this first, that there shall come in the last days scoffers, walking after their own lusts,",FALSE
61003004,"And saying, Where is the promise of his coming? for since the fathers fell asleep, all things continue as they were from the beginning of the creation.",FALSE
61003005,"For this they willingly are ignorant of, that by the word of God the heavens were of old, and the earth standing out of the water and in the water:",FALSE
61003006,"Whereby the world that then was, being overflowed with water, perished:",FALSE
61003007,"But the heavens and the earth, which are now, by the same word are kept in store, reserved unto fire against the day of judgment and perdition of ungodly men.",FALSE
61003008,"But, beloved, be not ignorant of this one thing, that one day is with the Lord as a thousand years, and a thousand years as one day.",FALSE
61003009,"The Lord is not slack concerning his promise, as some men count slackness; but is longsuffering to us-ward, not willing that any should perish, but that all should come to repentance.",FALSE
61003010,"But the day of the Lord will come as a thief in the night; in the which the heavens shall pass away with a great noise, and the elements shall melt with fervent heat, the earth also and the works that are therein shall be burned up.",FALSE
61003011,"Seeing then that all these things shall be dissolved, what manner of persons ought ye to be in all holy conversation and godliness,",FALSE
61003012,"Looking for and hasting unto the coming of the day of God, wherein the heavens being on fire shall be dissolved, and the elements shall melt with fervent heat?",FALSE
61003013,"Nevertheless we, according to his promise, look for new heavens and a new earth, wherein dwelleth righteousness.",FALSE
61003014,"Wherefore, beloved, seeing that ye look for such things, be diligent that ye may be found of him in peace, without spot, and blameless.",FALSE
61003015,And account that the longsuffering of our Lord is salvation; even as our beloved brother Paul also according to the wisdom given unto him hath written unto you;,FALSE
61003016,"As also in all his epistles, speaking in them of these things; in which are some things hard to be understood, which they that are unlearned and unstable wrest, as they do also the other scriptures, unto their own destruction.",FALSE
61003017,"Ye therefore, beloved, seeing ye know these things before, beware lest ye also, being led away with the error of the wicked, fall from your own stedfastness.",FALSE
61003018,"But grow in grace, and in the knowledge of our Lord and Saviour Jesus Christ. To him be glory both now and for ever. Amen.",FALSE
62001001,"That which was from the beginning, which we have heard, which we have seen with our eyes, which we have looked upon, and our hands have handled, of the Word of life;",FALSE
62001002,"(For the life was manifested, and we have seen it, and bear witness, and shew unto you that eternal life, which was with the Father, and was manifested unto us;)",FALSE
62001003,"That which we have seen and heard declare we unto you, that ye also may have fellowship with us: and truly our fellowship is with the Father, and with his Son Jesus Christ.",FALSE
62001004,"And these things write we unto you, that your joy may be full.",FALSE
62001005,"This then is the message which we have heard of him, and declare unto you, that God is light, and in him is no darkness at all.",FALSE
62001006,"If we say that we have fellowship with him, and walk in darkness, we lie, and do not the truth:",FALSE
62001007,"But if we walk in the light, as he is in the light, we have fellowship one with another, and the blood of Jesus Christ his Son cleanseth us from all sin.",FALSE
62001008,"If we say that we have no sin, we deceive ourselves, and the truth is not in us.",FALSE
62001009,"If we confess our sins, he is faithful and just to forgive us our sins, and to cleanse us from all unrighteousness.",FALSE
62001010,"If we say that we have not sinned, we make him a liar, and his word is not in us.",FALSE
62002001,"My little children, these things write I unto you, that ye sin not. And if any man sin, we have an advocate with the Father, Jesus Christ the righteous:",FALSE
62002002,"And he is the propitiation for our sins: and not for our's only, but also for the sins of the whole world.",FALSE
62002003,"And hereby we do know that we know him, if we keep his commandments.",FALSE
62002004,"He that saith, I know him, and keepeth not his commandments, is a liar, and the truth is not in him.",FALSE
62002005,"But whoso keepeth his word, in him verily is the love of God perfected: hereby know we that we are in him.",FALSE
62002006,"He that saith he abideth in him ought himself also so to walk, even as he walked.",FALSE
62002007,"Brethren, I write no new commandment unto you, but an old commandment which ye had from the beginning. The old commandment is the word which ye have heard from the beginning.",FALSE
62002008,"Again, a new commandment I write unto you, which thing is true in him and in you: because the darkness is past, and the true light now shineth.",FALSE
62002009,"He that saith he is in the light, and hateth his brother, is in darkness even until now.",FALSE
62002010,"He that loveth his brother abideth in the light, and there is none occasion of stumbling in him.",FALSE
62002011,"But he that hateth his brother is in darkness, and walketh in darkness, and knoweth not whither he goeth, because that darkness hath blinded his eyes.",FALSE
62002012,"I write unto you, little children, because your sins are forgiven you for his name's sake.",FALSE
62002013,"I write unto you, fathers, because ye have known him that is from the beginning. I write unto you, young men, because ye have overcome the wicked one. I write unto you, little children, because ye have known the Father.",FALSE
62002014,"I have written unto you, fathers, because ye have known him that is from the beginning. I have written unto you, young men, because ye are strong, and the word of God abideth in you, and ye have overcome the wicked one.",FALSE
62002015,"Love not the world, neither the things that are in the world. If any man love the world, the love of the Father is not in him.",FALSE
62002016,"For all that is in the world, the lust of the flesh, and the lust of the eyes, and the pride of life, is not of the Father, but is of the world.",FALSE
62002017,"And the world passeth away, and the lust thereof: but he that doeth the will of God abideth for ever.",FALSE
62002018,"Little children, it is the last time: and as ye have heard that antichrist shall come, even now are there many antichrists; whereby we know that it is the last time.",FALSE
62002019,"They went out from us, but they were not of us; for if they had been of us, they would no doubt have continued with us: but they went out, that they might be made manifest that they were not all of us.",FALSE
62002020,"But ye have an unction from the Holy One, and ye know all things.",FALSE
62002021,"I have not written unto you because ye know not the truth, but because ye know it, and that no lie is of the truth.",FALSE
62002022,"Who is a liar but he that denieth that Jesus is the Christ? He is antichrist, that denieth the Father and the Son.",FALSE
62002023,"Whosoever denieth the Son, the same hath not the Father: he that acknowledgeth the Son hath the Father also.",FALSE
62002024,"Let that therefore abide in you, which ye have heard from the beginning. If that which ye have heard from the beginning shall remain in you, ye also shall continue in the Son, and in the Father.",FALSE
62002025,"And this is the promise that he hath promised us, even eternal life.",FALSE
62002026,These things have I written unto you concerning them that seduce you.,FALSE
62002027,"But the anointing which ye have received of him abideth in you, and ye need not that any man teach you: but as the same anointing teacheth you of all things, and is truth, and is no lie, and even as it hath taught you, ye shall abide in him.",FALSE
62002028,"And now, little children, abide in him; that, when he shall appear, we may have confidence, and not be ashamed before him at his coming.",FALSE
62002029,"If ye know that he is righteous, ye know that every one that doeth righteousness is born of him.",FALSE
62003001,"Behold, what manner of love the Father hath bestowed upon us, that we should be called the sons of God: therefore the world knoweth us not, because it knew him not.",FALSE
62003002,"Beloved, now are we the sons of God, and it doth not yet appear what we shall be: but we know that, when he shall appear, we shall be like him; for we shall see him as he is.",FALSE
62003003,"And every man that hath this hope in him purifieth himself, even as he is pure.",FALSE
62003004,Whosoever committeth sin transgresseth also the law: for sin is the transgression of the law.,FALSE
62003005,And ye know that he was manifested to take away our sins; and in him is no sin.,FALSE
62003006,"Whosoever abideth in him sinneth not: whosoever sinneth hath not seen him, neither known him.",FALSE
62003007,"Little children, let no man deceive you: he that doeth righteousness is righteous, even as he is righteous.",FALSE
62003008,"He that committeth sin is of the devil; for the devil sinneth from the beginning. For this purpose the Son of God was manifested, that he might destroy the works of the devil.",FALSE
62003009,"Whosoever is born of God doth not commit sin; for his seed remaineth in him: and he cannot sin, because he is born of God.",FALSE
62003010,"In this the children of God are manifest, and the children of the devil: whosoever doeth not righteousness is not of God, neither he that loveth not his brother.",FALSE
62003011,"For this is the message that ye heard from the beginning, that we should love one another.",FALSE
62003012,"Not as Cain, who was of that wicked one, and slew his brother. And wherefore slew he him? Because his own works were evil, and his brother's righteous.",FALSE
62003013,"Marvel not, my brethren, if the world hate you.",FALSE
62003014,"We know that we have passed from death unto life, because we love the brethren. He that loveth not his brother abideth in death.",FALSE
62003015,Whosoever hateth his brother is a murderer: and ye know that no murderer hath eternal life abiding in him.,FALSE
62003016,"Hereby perceive we the love of God, because he laid down his life for us: and we ought to lay down our lives for the brethren.",FALSE
62003017,"But whoso hath this world's good, and seeth his brother have need, and shutteth up his bowels of compassion from him, how dwelleth the love of God in him?",FALSE
62003018,"My little children, let us not love in word, neither in tongue; but in deed and in truth.",FALSE
62003019,"And hereby we know that we are of the truth, and shall assure our hearts before him.",FALSE
62003020,"For if our heart condemn us, God is greater than our heart, and knoweth all things.",FALSE
62003021,"Beloved, if our heart condemn us not, then have we confidence toward God.",FALSE
62003022,"And whatsoever we ask, we receive of him, because we keep his commandments, and do those things that are pleasing in his sight.",FALSE
62003023,"And this is his commandment, That we should believe on the name of his Son Jesus Christ, and love one another, as he gave us commandment.",FALSE
62003024,"And he that keepeth his commandments dwelleth in him, and he in him. And hereby we know that he abideth in us, by the Spirit which he hath given us.",FALSE
62004001,"Beloved, believe not every spirit, but try the spirits whether they are of God: because many false prophets are gone out into the world.",FALSE
62004002,Hereby know ye the Spirit of God: Every spirit that confesseth that Jesus Christ is come in the flesh is of God:,FALSE
62004003,"And every spirit that confesseth not that Jesus Christ is come in the flesh is not of God: and this is that spirit of antichrist, whereof ye have heard that it should come; and even now already is it in the world.",FALSE
62004004,"Ye are of God, little children, and have overcome them: because greater is he that is in you, than he that is in the world.",FALSE
62004005,"They are of the world: therefore speak they of the world, and the world heareth them.",FALSE
62004006,"We are of God: he that knoweth God heareth us; he that is not of God heareth not us. Hereby know we the spirit of truth, and the spirit of error.",FALSE
62004007,"Beloved, let us love one another: for love is of God; and every one that loveth is born of God, and knoweth God.",FALSE
62004008,He that loveth not knoweth not God; for God is love.,FALSE
62004009,"In this was manifested the love of God toward us, because that God sent his only begotten Son into the world, that we might live through him.",FALSE
62004010,"Herein is love, not that we loved God, but that he loved us, and sent his Son to be the propitiation for our sins.",FALSE
62004011,"Beloved, if God so loved us, we ought also to love one another.",FALSE
62004012,"No man hath seen God at any time. If we love one another, God dwelleth in us, and his love is perfected in us.",FALSE
62004013,"Hereby know we that we dwell in him, and he in us, because he hath given us of his Spirit.",FALSE
62004014,And we have seen and do testify that the Father sent the Son to be the Saviour of the world.,FALSE
62004015,"Whosoever shall confess that Jesus is the Son of God, God dwelleth in him, and he in God.",FALSE
62004016,"And we have known and believed the love that God hath to us. God is love; and he that dwelleth in love dwelleth in God, and God in him.",FALSE
62004017,"Herein is our love made perfect, that we may have boldness in the day of judgment: because as he is, so are we in this world.",FALSE
62004018,There is no fear in love; but perfect love casteth out fear: because fear hath torment. He that feareth is not made perfect in love.,FALSE
62004019,"We love him, because he first loved us.",FALSE
62004020,"If a man say, I love God, and hateth his brother, he is a liar: for he that loveth not his brother whom he hath seen, how can he love God whom he hath not seen?",FALSE
62004021,"And this commandment have we from him, That he who loveth God love his brother also.",FALSE
62005001,Whosoever believeth that Jesus is the Christ is born of God: and every one that loveth him that begat loveth him also that is begotten of him.,FALSE
62005002,"By this we know that we love the children of God, when we love God, and keep his commandments.",FALSE
62005003,"For this is the love of God, that we keep his commandments: and his commandments are not grievous.",FALSE
62005004,"For whatsoever is born of God overcometh the world: and this is the victory that overcometh the world, even our faith.",FALSE
62005005,"Who is he that overcometh the world, but he that believeth that Jesus is the Son of God?",FALSE
62005006,"This is he that came by water and blood, even Jesus Christ; not by water only, but by water and blood. And it is the Spirit that beareth witness, because the Spirit is truth.",FALSE
62005007,"For there are three that bear record in heaven, the Father, the Word, and the Holy Ghost: and these three are one.",FALSE
62005008,"And there are three that bear witness in earth, the Spirit, and the water, and the blood: and these three agree in one.",FALSE
62005009,"If we receive the witness of men, the witness of God is greater: for this is the witness of God which he hath testified of his Son.",FALSE
62005010,He that believeth on the Son of God hath the witness in himself: he that believeth not God hath made him a liar; because he believeth not the record that God gave of his Son.,FALSE
62005011,"And this is the record, that God hath given to us eternal life, and this life is in his Son.",FALSE
62005012,He that hath the Son hath life; and he that hath not the Son of God hath not life.,FALSE
62005013,"These things have I written unto you that believe on the name of the Son of God; that ye may know that ye have eternal life, and that ye may believe on the name of the Son of God.",FALSE
62005014,"And this is the confidence that we have in him, that, if we ask any thing according to his will, he heareth us:",FALSE
62005015,"And if we know that he hear us, whatsoever we ask, we know that we have the petitions that we desired of him.",FALSE
62005016,"If any man see his brother sin a sin which is not unto death, he shall ask, and he shall give him life for them that sin not unto death. There is a sin unto death: I do not say that he shall pray for it.",FALSE
62005017,All unrighteousness is sin: and there is a sin not unto death.,FALSE
62005018,"We know that whosoever is born of God sinneth not; but he that is begotten of God keepeth himself, and that wicked one toucheth him not.",FALSE
62005019,"And we know that we are of God, and the whole world lieth in wickedness.",FALSE
62005020,"And we know that the Son of God is come, and hath given us an understanding, that we may know him that is true, and we are in him that is true, even in his Son Jesus Christ. This is the true God, and eternal life.",FALSE
62005021,"Little children, keep yourselves from idols. Amen.",FALSE
63001001,"The elder unto the elect lady and her children, whom I love in the truth; and not I only, but also all they that have known the truth;",FALSE
63001002,"For the truth's sake, which dwelleth in us, and shall be with us for ever.",FALSE
63001003,"Grace be with you, mercy, and peace, from God the Father, and from the Lord Jesus Christ, the Son of the Father, in truth and love.",FALSE
63001004,"I rejoiced greatly that I found of thy children walking in truth, as we have received a commandment from the Father.",FALSE
63001005,"And now I beseech thee, lady, not as though I wrote a new commandment unto thee, but that which we had from the beginning, that we love one another.",FALSE
63001006,"And this is love, that we walk after his commandments. This is the commandment, That, as ye have heard from the beginning, ye should walk in it.",FALSE
63001007,"For many deceivers are entered into the world, who confess not that Jesus Christ is come in the flesh. This is a deceiver and an antichrist.",FALSE
63001008,"Look to yourselves, that we lose not those things which we have wrought, but that we receive a full reward.",FALSE
63001009,"Whosoever transgresseth, and abideth not in the doctrine of Christ, hath not God. He that abideth in the doctrine of Christ, he hath both the Father and the Son.",FALSE
63001010,"If there come any unto you, and bring not this doctrine, receive him not into your house, neither bid him God speed:",FALSE
63001011,For he that biddeth him God speed is partaker of his evil deeds.,FALSE
63001012,"Having many things to write unto you, I would not write with paper and ink: but I trust to come unto you, and speak face to face, that our joy may be full.",FALSE
63001013,The children of thy elect sister greet thee. Amen.,FALSE
64001001,"The elder unto the wellbeloved Gaius, whom I love in the truth.",FALSE
64001002,"Beloved, I wish above all things that thou mayest prosper and be in health, even as thy soul prospereth.",FALSE
64001003,"For I rejoiced greatly, when the brethren came and testified of the truth that is in thee, even as thou walkest in the truth.",FALSE
64001004,I have no greater joy than to hear that my children walk in truth.,FALSE
64001005,"Beloved, thou doest faithfully whatsoever thou doest to the brethren, and to strangers;",FALSE
64001006,"Which have borne witness of thy charity before the church: whom if thou bring forward on their journey after a godly sort, thou shalt do well:",FALSE
64001007,"Because that for his name's sake they went forth, taking nothing of the Gentiles.",FALSE
64001008,"We therefore ought to receive such, that we might be fellowhelpers to the truth.",FALSE
64001009,"I wrote unto the church: but Diotrephes, who loveth to have the preeminence among them, receiveth us not.",FALSE
64001010,"Wherefore, if I come, I will remember his deeds which he doeth, prating against us with malicious words: and not content therewith, neither doth he himself receive the brethren, and forbiddeth them that would, and casteth them out of the church.",FALSE
64001011,"Beloved, follow not that which is evil, but that which is good. He that doeth good is of God: but he that doeth evil hath not seen God.",FALSE
64001012,"Demetrius hath good report of all men, and of the truth itself: yea, and we also bear record; and ye know that our record is true.",FALSE
64001013,"I had many things to write, but I will not with ink and pen write unto thee:",FALSE
64001014,"But I trust I shall shortly see thee, and we shall speak face to face. Peace be to thee. Our friends salute thee. Greet the friends by name.",FALSE
64001015,[],FALSE
65001001,"Jude, the servant of Jesus Christ, and brother of James, to them that are sanctified by God the Father, and preserved in Jesus Christ, and called:",FALSE
65001002,"Mercy unto you, and peace, and love, be multiplied.",FALSE
65001003,"Beloved, when I gave all diligence to write unto you of the common salvation, it was needful for me to write unto you, and exhort you that ye should earnestly contend for the faith which was once delivered unto the saints.",FALSE
65001004,"For there are certain men crept in unawares, who were before of old ordained to this condemnation, ungodly men, turning the grace of our God into lasciviousness, and denying the only Lord God, and our Lord Jesus Christ.",FALSE
65001005,"I will therefore put you in remembrance, though ye once knew this, how that the Lord, having saved the people out of the land of Egypt, afterward destroyed them that believed not.",FALSE
65001006,"And the angels which kept not their first estate, but left their own habitation, he hath reserved in everlasting chains under darkness unto the judgment of the great day.",FALSE
65001007,"Even as Sodom and Gomorrha, and the cities about them in like manner, giving themselves over to fornication, and going after strange flesh, are set forth for an example, suffering the vengeance of eternal fire.",FALSE
65001008,"Likewise also these filthy dreamers defile the flesh, despise dominion, and speak evil of dignities.",FALSE
65001009,"Yet Michael the archangel, when contending with the devil he disputed about the body of Moses, durst not bring against him a railing accusation, but said, The Lord rebuke thee.",FALSE
65001010,"But these speak evil of those things which they know not: but what they know naturally, as brute beasts, in those things they corrupt themselves.",FALSE
65001011,"Woe unto them! for they have gone in the way of Cain, and ran greedily after the error of Balaam for reward, and perished in the gainsaying of Core.",FALSE
65001012,"These are spots in your feasts of charity, when they feast with you, feeding themselves without fear: clouds they are without water, carried about of winds; trees whose fruit withereth, without fruit, twice dead, plucked up by the roots;",FALSE
65001013,"Raging waves of the sea, foaming out their own shame; wandering stars, to whom is reserved the blackness of darkness for ever.",FALSE
65001014,"And Enoch also, the seventh from Adam, prophesied of these, saying, Behold, the Lord cometh with ten thousands of his saints,",FALSE
65001015,"To execute judgment upon all, and to convince all that are ungodly among them of all their ungodly deeds which they have ungodly committed, and of all their hard speeches which ungodly sinners have spoken against him.",FALSE
65001016,"These are murmurers, complainers, walking after their own lusts; and their mouth speaketh great swelling words, having men's persons in admiration because of advantage.",FALSE
65001017,"But, beloved, remember ye the words which were spoken before of the apostles of our Lord Jesus Christ;",FALSE
65001018,"How that they told you there should be mockers in the last time, who should walk after their own ungodly lusts.",FALSE
65001019,"These be they who separate themselves, sensual, having not the Spirit.",FALSE
65001020,"But ye, beloved, building up yourselves on your most holy faith, praying in the Holy Ghost,",FALSE
65001021,"Keep yourselves in the love of God, looking for the mercy of our Lord Jesus Christ unto eternal life.",FALSE
65001022,"And of some have compassion, making a difference:",FALSE
65001023,"And others save with fear, pulling them out of the fire; hating even the garment spotted by the flesh.",FALSE
65001024,"Now unto him that is able to keep you from falling, and to present you faultless before the presence of his glory with exceeding joy,",FALSE
65001025,"To the only wise God our Saviour, be glory and majesty, dominion and power, both now and ever. Amen.",FALSE